{"cameraMode":{"drawMode":0,"name":"Shaded","section":"Shading Mode"},"sceneLighting":true,"audioPlay":false,"sceneViewState":{"m_AlwaysRefresh":false,"showFog":true,"showSkybox":true,"showFlares":true,"showImageEffects":true,"showParticleSystems":true,"showVisualEffectGraphs":true,"m_FxEnabled":true},"in2DMode":false,"pivot":{"x":1.8034156560897828,"y":-5.624963283538818,"z":39.046756744384769},"rotation":{"x":0.18509477376937867,"y":0.037926316261291507,"z":-0.00715975696220994,"w":0.9819458723068237},"size":36.05060577392578,"orthographic":false}