{"cameraMode":{"drawMode":0,"name":"Shaded","section":"Shading Mode"},"sceneLighting":true,"audioPlay":false,"sceneViewState":{"m_AlwaysRefresh":false,"showFog":true,"showSkybox":true,"showFlares":true,"showImageEffects":true,"showParticleSystems":true,"showVisualEffectGraphs":true,"m_FxEnabled":true},"in2DMode":false,"pivot":{"x":12.141105651855469,"y":-50.59934616088867,"z":-154.23988342285157},"rotation":{"x":-0.002879556966945529,"y":-0.986907958984375,"z":0.16008782386779786,"w":-0.017862437292933465},"size":89.91922760009766,"orthographic":false}